<?xml version="1.0" encoding="UTF-8"?>
<project-private xmlns="http://www.netbeans.org/ns/project-private/1">
    <editor-bookmarks xmlns="http://www.netbeans.org/ns/editor-bookmarks/2" lastBookmarkId="0"/>
    <open-files xmlns="http://www.netbeans.org/ns/projectui-open-files/2">
        <group>
            <file>file:/C:/Users/Lagni%20Luca/Desktop/Develop/Java/TravlendarPlus/JavaServerSideCode/TravlendarPlusServerSideCode/src/travlendarplusserversidecode/model/applicationabstractclasstypes/MeanOfTransport.java</file>
            <file>file:/C:/Users/Lagni%20Luca/Desktop/Develop/Java/TravlendarPlus/JavaServerSideCode/TravlendarPlusServerSideCode/src/travlendarplusserversidecode/model/constants/EuroClassType.java</file>
            <file>file:/C:/Users/Lagni%20Luca/Desktop/Develop/Java/TravlendarPlus/JavaServerSideCode/TravlendarPlusServerSideCode/src/travlendarplusserversidecode/model/applicationabstractclasstypes/Latitude.java</file>
            <file>file:/C:/Users/Lagni%20Luca/Desktop/Develop/Java/TravlendarPlus/JavaServerSideCode/TravlendarPlusServerSideCode/src/travlendarplusserversidecode/model/constants/CoordinateFormatType.java</file>
            <file>file:/C:/Users/Lagni%20Luca/Desktop/Develop/Java/TravlendarPlus/JavaServerSideCode/TravlendarPlusServerSideCode/src/travlendarplusserversidecode/model/applicationabstractclasstypes/CoordinateFormat.java</file>
            <file>file:/C:/Users/Lagni%20Luca/Desktop/Develop/Java/TravlendarPlus/JavaServerSideCode/TravlendarPlusServerSideCode/src/travlendarplusserversidecode/model/applicationabstractclasstypes/Longitude.java</file>
            <file>file:/C:/Users/Lagni%20Luca/Desktop/Develop/Java/TravlendarPlus/JavaServerSideCode/TravlendarPlusServerSideCode/src/travlendarplusserversidecode/model/applicationclasstypes/SystemShared.java</file>
            <file>file:/C:/Users/Lagni%20Luca/Desktop/Develop/Java/TravlendarPlus/JavaServerSideCode/TravlendarPlusServerSideCode/src/travlendarplusserversidecode/model/applicationclasstypes/Coordinate.java</file>
        </group>
    </open-files>
</project-private>
